business,entertainment,travel,sports,health,technology,politics,animals,shopping
busi,song,build,physic,energi,autom,campaign,beast,brow
entrepreneur,sing,foundat,sport,fit,machineri,govern,creatur,ecommerc
gdp,album,galleri,cricket,strength,comput,state,pet,spend
economi,stage,hall,ball,well-b,mechan,civic,anim,purcha
money,perform,institut,bat,bloom,telcom,elect,brute,deprat
employ,melod,librari,score,complexion,robot,polici,bum,commerc
ecommerc,opera,tower,athlet,condit,telecomm,legislatur,critter,boutiqu
trade,fan,depositori,recreat,anxiet,scienc,politi,invertebr,chain
work,rap,exhibit,game,fettl,electron,statecraft,mutt,deli
vocat,rock,menageri,wicket,form,hitech,domest,stray,store
biz,season,repositori,action,hale,tech,foreign,varmint,emporium
career,soul,storeh,amus,hardihood,industri,polic,vertebr,market
pursuit,tune,treasuri,disport,hardi,compon,affair,live,mill
livelihood,acoust,vault,diver,health,scientif,polit,wild,outlet
occup,metal,obelisk,exerci,healthi,technic,stateship,puppi,showroom
bank,bebop,monolith,frolic,stamina,technolog,parliament,pedigr,stand
e-commerc,bop,art,gaieti,shape,weapon,democraci,dog,cloth
commerc,chamber,craft,play,eupepsia,machin,judiciari,cat,supermarket
econom,classic,paint,hockey,robust,phone,mla,eleph,jean
invest,folk,color,tenni,salubri,gadget,mp,giraff,jacket
account,fusion,graveston,baseb,salubr,mobil,minist,cow,tshirt
financ,harmoni,headston,ipl,whole,laptop,leader,fish,t-shirt
manag,hymn,masterpiec,footbal,verdur,tablet,power,domest,shirt
bill,jazz,mausoleum,chess,vigor,tab,law,bewar,belt
capit,measur,pillar,match,energ,googl,warfar,livestock,shoe
cash,genr,shrine,leagu,metabol,ibm,war,parrot,sock
check,plainsong,slab,bpl,weight,microsoft,histori,turtl,buy
fund,ragtim,statu,worldcup,gene,internet,republ,lizard,dress
pay,music,testament,cup,biolog,net,justic,snake,categori
payment,entertain,tomb,trofe,nutrit,web,judici,reptil,bag
properti,cinema,footston,medal,protein,www,court,mammal,accessori
salari,film,tombston,olymp,carbohydr,engin,corrupt,pig,beauti
wage,flick,cairn,championship,fat,motor,countri,rat,jewelleri
wealth,motion,cenotaph,champion,junk,car,capit,bird,adida
banknot,show,commemor,playoff,food,helecopt,communist,amphibian,nike
bankrol,videotap,ledger,team,exerci,plane,riot,guinea,puma
incom,celluloid,memento,rule,gym,cyber,protest,chicken,gucci
buck,screenplay,airplan,goal,muscl,cybercultur,bjp,gee,brand
chip,talki,aeroplan,warmup,nutrient,hack,congress,dove,sale
coin,cine,train,limber,muscular,code,legisl,crow,discount
coinag,cinemat,roadtrip,club,cardiovascular,server,assembl,,footwear
dough,cinematograph,journey,coach,heart,databa,sansad,,hat
profess,photoplay,travel,captain,lung,havard,lok,,boot
entrepreneurship,screen,tour,keeper,smoke,standford,rajya,,leather
gold,pictur,ship,cycl,cigarett,mit,sabha,,apparel
gravi,movi,raft,billiard,cigar,intellig,presid,,ebay
greenback,award,climb,espn,alcohol,construct,committ,,flipkart
loot,dialogu,sail,starsport,diet,manufactur,,,flipkart.com
peso,,glide,sportsmanship,physiqu,transistor,,,ebay.com
resourc,,trip,box,yoga,modern,,,amazon.com
job,,camp,wrestl,meal,chemic,,,amazon
rich,,bonfir,umpir,juic,prosthesi,,,catogori
silver,,recreat,refer,run,mathemat,,,product
speci,,vacat,linesman,sprint,agricultur,,,custom
treasur,,pilgrimag,lineman,breakfast,archaeolog,,,shop
wad,,explor,,dinner,biotech,,,collect
wherewith,,passport,,calori,biolog,,,antiqu
dollar,,visa,,organ,nano,,,consum
legal,,round-trip,,virus,neuro,,,hoodi
exchang,,itinerari,,remedi,neurosci,,,
,,seatbelt,,gluco,applianc,,,
,,mountain,,ligament,,,,
,,valley,,disabl,,,,
,,casino,,obe,,,,
,,mall,,stress,,,,
,,hotel,,disea,,,,
,,restaur,,injuri,,,,
,,,,tuberculosi,,,,
,,,,malaria,,,,
,,,,diabet,,,,
,,,,cancer,,,,
,,,,depress,,,,
,,,,drug,,,,
,,,,depriv,,,,
,,,,nur,,,,
,,,,doctor,,,,
,,,,hospit,,,,
,,,,clinic,,,,
,,,,chronic,,,,
,,,,infecti,,,,
,,,,infect,,,,
,,,,expect,,,,
,,,,floss,,,,
,,,,teeth,,,,
,,,,tooth,,,,
,,,,symptom,,,,
,,,,diarrhoea,,,,
